dataset	guide	seq	modFreq	db	position	longSeq100Bp	chariRank	chariRaw	crisprScan	doench	drsc	finalGc6	finalGg	fusi	mh	oof	ssc	wang	wangOrig	wuCrispr	fusiOnline	housden	name
shkumatavaAngelo	Angelo1	GGCGCTCTCAGGCTCCGAGA	0.0	danRer10	chr17:22669717-22669817:-	CCAGTCGCTCTGCTTGGTTATGCAATGCACGGCGCTCTCAGGCTCCGAGACGGGACCTATAACCACACGACTGCCATCGGCTACGGACAGAGAACGGCAG	78	0.51211434	64	17	5.8	1	0	0.591641284977	4530.0	69.0	0.515419	84.0	0.862333031311	0.0			
shkumatavaAngelo	Angelo2	GGCTACGGACAGAGAACGGC	0.0	danRer10	chr17:22669669-22669769:-	GACGGGACCTATAACCACACGACTGCCATCGGCTACGGACAGAGAACGGCAGGGTGGGGAGCTCGCAGCCACAGATCGCCAATCTCCCGAGCATCCGGAG	71	0.29857671	37	14	6.7	1	0	0.515826621963	6438.0	69.0	0.277242	76.0	0.760217974535	0.0			
shkumatavaAngelo	Angelo3	GGACAGAGAACGGCAGGGTG	5.0	danRer10	chr17:22669663-22669763:-	ACCTATAACCACACGACTGCCATCGGCTACGGACAGAGAACGGCAGGGTGGGGAGCTCGCAGCCACAGATCGCCAATCTCCCGAGCATCCGGAGGCATCC	89	0.9430537	63	14	4.0	1	0	0.573787013438	5754.0	62.0	0.522935	83.0	0.835382138037	0.0			
shkumatavaAngelo	Angelo4	GGAGGGAAAGGAGAGAAGGT	20.0	danRer10	chr17:22669524-22669624:-	GAGCGCAAAAGGAGGGAAAGAAATCACGGAGGAGGGAAAGGAGAGAAGGTGGGGGCCAGTTTTTCTACAAATGCTGAGACGCCTCACTTTCACATGCTAA	96	1.4573874	42	25	5.0	0	0	0.53418495308	6342.0	72.0	0.514747	0.871687	0.893416422562	0.0			
shkumatavaAngelo	Angelo6	GGAGGATCCACACGTGGATG	0.0	danRer10	chr17:22668042-22668142:-	GTGTTTGTTTACATCTACACAACTCTGTGAGGAGGATCCACACGTGGATGAGGTGAGGGGTGGGGTCCGACGAAGATATGACAGCAGGGTTGATGTCTTA	69	0.22566542	47	21	3.8	0	0	0.540886268565	6295.0	61.0	0.250126	79.0	0.799495178376	0.0			
shkumatavaAngelo	Angelo7	GGACAAACAAGAACGTCACA	0.0	danRer10	chr17:22667695-22667795:-	ATAAGGATGCACATAGGGAAAGACCCTACTGGACAAACAAGAACGTCACAGGGCAACAGAACATCTCCTTCAGAATTTGCCCACCAATTGAAAAAAAAAT	84	0.70291634	14	80	3.7	0	0	0.734415221419	4516.0	65.0	0.449809	75.0	0.78481654012	83.0			
shkumatavaAngelo	Angelo9	GGCTTGGCCCCGGTCCAGCA	12.0	danRer10	chr10:1690532-1690632:-	ACCGAACTGCAGTGCAGAGCCGGAATGGGGGGCTTGGCCCCGGTCCAGCACGGTCAAAATTAGCTCTCTGTTGAATTACATGCAGTCAGCCAGTGGAAGC	59	-0.015867824	63	25	8.0	1	0	0.563296567209	3308.0	55.0	0.143451	71.0	0.733253091164	0.0			
shkumatavaAngelo	Angelo10	GGGGGATCCCATTAGGTAGG	0.0	danRer10	chr10:1685727-1685827:-	CGTTTTCAGGATGACGTCGACTGGAGCAATGGGGGATCCCATTAGGTAGGTGGATTGGCCTGGTAATCTGAGGGTTTAATGACCTCACAGTGCCCGATCG	40	-0.4678745	57	9	7.5	1	1	0.659911471747	5723.0	63.0	0.198935	72.0	0.738209028418	0.0			
shkumatavaAngelo	Angelo12	GGGGTCCGGGACCCTCGTGG	26.0	danRer10	chr10:1685254-1685354:-	AGCTTCACATGTCTGTGTTTGCAAACTGCGGGGGTCCGGGACCCTCGTGGCGGCGGCAGCAGCACGTCTTCCACTTGTCCACTTCTACTTTGCACGGCTG	84	0.70158679	84	13	5.9	1	1	0.492828538104	5791.0	75.0	0.844008	92.0	0.942972647904	0.0			
shkumatavaAngelo	Angelo14	GGTGTACAACACATGAAGTC	0.0	danRer10	chr10:1680411-1680511:-	TGAATTATTCTGTAACAATTGTGTATGATTGGTGTACAACACATGAAGTCCGGCCTGGTCATCTATATGAAGATGTACTGGTGGTTCATGTCATTTTTGC	69	0.22500532	38	24	9.1	0	0	0.576575407967	3292.0	56.0	0.087981	67.0	0.741505447192	0.0			
shkumatavaAngelo	Angelo15	GGACCATAGCTGATTTTAGC	0.0	danRer10	chr10:1680202-1680302:-	ACAACCATCTAAAACTAGCTTGACCATCCTGGACCATAGCTGATTTTAGCTGGGCTCCCAGCCTTGCTAGGCTGGTCAAGCTGGTTTAAGCTGGTCATCT	24	-0.87875295	-1	13	8.0	0	0	0.411619806134	4225.0	62.0	-0.559731	53.0	0.491684483189	0.0			
shkumatavaAngelo	Angelo16	GGATTTGAGACACTGATGAA	0.0	danRer10	chr10:1682974-1683074:-	CCTTGTGGTAAGTGACTGAGATGCTGCCACGGATTTGAGACACTGATGAATGGTGCTATTTTGGACTTTAATCTGCTCCTTGGTAAGGAAGCTCAGATGG	90	0.97510725	34	37	7.0	0	0	0.60922791012	4248.0	64.0	-0.113283	73.0	0.774369884474	72.0			
shkumatavaAngelo	Angelo17	GGGAGCAGGAATCCGGAATG	0.0	danRer10	chr10:1679741-1679841:-	ATCACAGGGAAAGAGCCTCCGAGCGGATTTGGGAGCAGGAATCCGGAATGTGGAGGCTCAGATCCTCGAATAAGCTGATCATTTAGACGTCTGAACCTAA	82	0.64686067	64	1	6.7	0	0	0.620881346093	5052.0	69.0	0.128445	62.0	0.617707826468	0.0			
shkumatavaAngelo	Angelo18	GGGAGCAGGAATCCGGAATG	13.0	danRer10	chr10:1679741-1679841:-	ATCACAGGGAAAGAGCCTCCGAGCGGATTTGGGAGCAGGAATCCGGAATGTGGAGGCTCAGATCCTCGAATAAGCTGATCATTTAGACGTCTGAACCTAA	82	0.64686067	64	1	6.7	0	0	0.620881346093	5052.0	69.0	0.128445	62.0	0.617707826468	0.0			
shkumatavaAngelo	Angelo19	GGTGTCCAGTTCTGCGGAAA	0.0	danRer10	chr10:1679445-1679545:-	GCTTTCAACCACATTTTGGCAGAATCAGGAGGTGTCCAGTTCTGCGGAAATGGGCTGCAGGATTAAAAAGATCTACTTTAATCTGTTTCTCACTGAAAGG	35	-0.60090813	53	1	6.2	0	0	0.362084947356	4216.0	72.0	-0.352355	54.0	0.553495350869	0.0			
shkumatavaAngelo	Angelo20	GTTGTCTGGTTGTCGTAATT	7.0	danRer10	chr10:1682856-1682956:-	ATGTTCGGAAAAGGAGGTTGTTGGTTCTTTGTTGTCTGGTTGTCGTAATTCGGATCGGATCGACTTTATTCCCCCCTTGTTGTTTCTGTGTGGCTTTCTC	7	-1.5095479	52	10	5.2	0	0	0.404280047817	3547.0	78.0	-0.683357	19.0	0.133992610487	0.0			
shkumatavaAngelo	Angelo22	GGAGGCGACGGCGCCTGTAA	0.0	danRer10	chr10:1691698-1691798:+	CGTTACATGACTGTTTTGAGGATTGCATAGGGAGGCGACGGCGCCTGTAATGGAAAGGAGAGGAATCGCTCAGTTTTTATATTTATTAAAGTGTTTTCAT	48	-0.28264738	56	5	6.0	0	0	0.516621119116	4296.0	60.0	0.04193	62.0	0.512352564781	0.0			
